periodo;sexo;comunitat_valenciana;prov_alicante;prov_castellon;prov_valencia;dpto_salud_vinaros;dpto_salud_castello;dpto_salud_laplana;dpto_salud_sagunt;dpto_salud_clinic_malvarrosa;dpto_salud_vilanova_lliria;dpto_salud_valencia_lafe;dpto_salud_requena;dpto_salud_valencia_hospital_general;dpto_salud_doctor_peset;dpto_salud_ribera;dpto_salud_gandia;dpto_salud_denia;dpto_salud_xativa_ontinyent;dpto_salud_alcoi;dpto_salud_marina_baixa;dpto_salud_sant_joan_alacant;dpto_salud_elda;dpto_salud_alacant_hospital_general;dpto_salud_elx_hospital_general;dpto_salud_orihuela;dpto_salud_torrevieja;dpto_salud_manises;dpto_salud_elx_crevillent
2010;Ambos sexos;233.7;211.81;236.63;250.62;216.99;226;244.93;247.24;254.04;242.59;248.49;218.78;248.35;241.04;247.25;230.93;228.93;255.52;247.48;207.11;224.58;239.59;237.59;229.29;239.16;163.58;251.8;297.48
2010;Ambos sexos;233.7;211.81;236.63;250.62;216.99;226;244.93;247.24;254.04;242.59;248.49;218.78;248.35;241.04;247.25;230.93;228.93;255.52;247.48;207.11;224.58;239.59;237.59;229.29;239.16;163.58;251.8;297.48
2010;Ambos sexos;233.7;211.81;236.63;250.62;216.99;226;244.93;247.24;254.04;242.59;248.49;218.78;248.35;241.04;247.25;230.93;228.93;255.52;247.48;207.11;224.58;239.59;237.59;229.29;239.16;163.58;251.8;297.48
2010;Ambos sexos;233.7;211.81;236.63;250.62;216.99;226;244.93;247.24;254.04;242.59;248.49;218.78;248.35;241.04;247.25;230.93;228.93;255.52;247.48;207.11;224.58;239.59;237.59;229.29;239.16;163.58;251.8;297.48
2010;Ambos sexos;233.7;211.81;236.63;250.62;216.99;226;244.93;247.24;254.04;242.59;248.49;218.78;248.35;241.04;247.25;230.93;228.93;255.52;247.48;207.11;224.58;239.59;237.59;229.29;239.16;163.58;251.8;297.48
2010;Hombres;336.59;290.93;349.65;372.21;332.19;320.8;364.04;372.51;398.46;363.24;389.92;298.27;373.04;336.65;362.23;342.15;316.53;359.35;352.78;274.74;323.63;350.07;351.03;327.08;334.32;207.51;362.32;407.53
2010;Hombres;336.59;290.93;349.65;372.21;332.19;320.8;364.04;372.51;398.46;363.24;389.92;298.27;373.04;336.65;362.23;342.15;316.53;359.35;352.78;274.74;323.63;350.07;351.03;327.08;334.32;207.51;362.32;407.53
2010;Hombres;336.59;290.93;349.65;372.21;332.19;320.8;364.04;372.51;398.46;363.24;389.92;298.27;373.04;336.65;362.23;342.15;316.53;359.35;352.78;274.74;323.63;350.07;351.03;327.08;334.32;207.51;362.32;407.53
2010;Hombres;336.59;290.93;349.65;372.21;332.19;320.8;364.04;372.51;398.46;363.24;389.92;298.27;373.04;336.65;362.23;342.15;316.53;359.35;352.78;274.74;323.63;350.07;351.03;327.08;334.32;207.51;362.32;407.53
2010;Hombres;336.59;290.93;349.65;372.21;332.19;320.8;364.04;372.51;398.46;363.24;389.92;298.27;373.04;336.65;362.23;342.15;316.53;359.35;352.78;274.74;323.63;350.07;351.03;327.08;334.32;207.51;362.32;407.53
2010;Mujeres;157.11;149.22;153.44;163.95;124.2;156.81;157.28;152.31;153.09;156.71;149.99;150.3;165.32;177.94;162.2;145.49;157.33;172.41;168.45;153.84;155.99;157.56;156.78;152.11;161.78;122.12;170.91;216.47
2010;Mujeres;157.11;149.22;153.44;163.95;124.2;156.81;157.28;152.31;153.09;156.71;149.99;150.3;165.32;177.94;162.2;145.49;157.33;172.41;168.45;153.84;155.99;157.56;156.78;152.11;161.78;122.12;170.91;216.47
2010;Mujeres;157.11;149.22;153.44;163.95;124.2;156.81;157.28;152.31;153.09;156.71;149.99;150.3;165.32;177.94;162.2;145.49;157.33;172.41;168.45;153.84;155.99;157.56;156.78;152.11;161.78;122.12;170.91;216.47
2010;Mujeres;157.11;149.22;153.44;163.95;124.2;156.81;157.28;152.31;153.09;156.71;149.99;150.3;165.32;177.94;162.2;145.49;157.33;172.41;168.45;153.84;155.99;157.56;156.78;152.11;161.78;122.12;170.91;216.47
2010;Mujeres;157.11;149.22;153.44;163.95;124.2;156.81;157.28;152.31;153.09;156.71;149.99;150.3;165.32;177.94;162.2;145.49;157.33;172.41;168.45;153.84;155.99;157.56;156.78;152.11;161.78;122.12;170.91;216.47
2011;Ambos sexos;240.39;221.62;236.64;256.48;210.46;224.79;255.76;268.69;231.47;251.88;243.86;221.56;264.85;249.24;263.97;269.11;234.95;240.34;239.44;212;251.74;242.36;270.76;231.26;284.06;171.32;251.97;266.47
2011;Ambos sexos;240.39;221.62;236.64;256.48;210.46;224.79;255.76;268.69;231.47;251.88;243.86;221.56;264.85;249.24;263.97;269.11;234.95;240.34;239.44;212;251.74;242.36;270.76;231.26;284.06;171.32;251.97;266.47
2011;Ambos sexos;240.39;221.62;236.64;256.48;210.46;224.79;255.76;268.69;231.47;251.88;243.86;221.56;264.85;249.24;263.97;269.11;234.95;240.34;239.44;212;251.74;242.36;270.76;231.26;284.06;171.32;251.97;266.47
2011;Ambos sexos;240.39;221.62;236.64;256.48;210.46;224.79;255.76;268.69;231.47;251.88;243.86;221.56;264.85;249.24;263.97;269.11;234.95;240.34;239.44;212;251.74;242.36;270.76;231.26;284.06;171.32;251.97;266.47
2011;Ambos sexos;240.39;221.62;236.64;256.48;210.46;224.79;255.76;268.69;231.47;251.88;243.86;221.56;264.85;249.24;263.97;269.11;234.95;240.34;239.44;212;251.74;242.36;270.76;231.26;284.06;171.32;251.97;266.47
2011;Hombres;344.91;304.97;340.73;380.63;301.05;317.08;385.16;393.68;340.8;364.63;361.84;320.14;410.92;363.02;386.71;402.78;314.4;345.5;351.97;294.63;339.38;338.28;405.58;358.29;399.81;229.85;358.44;364.58
2011;Hombres;344.91;304.97;340.73;380.63;301.05;317.08;385.16;393.68;340.8;364.63;361.84;320.14;410.92;363.02;386.71;402.78;314.4;345.5;351.97;294.63;339.38;338.28;405.58;358.29;399.81;229.85;358.44;364.58
2011;Hombres;344.91;304.97;340.73;380.63;301.05;317.08;385.16;393.68;340.8;364.63;361.84;320.14;410.92;363.02;386.71;402.78;314.4;345.5;351.97;294.63;339.38;338.28;405.58;358.29;399.81;229.85;358.44;364.58
2011;Hombres;344.91;304.97;340.73;380.63;301.05;317.08;385.16;393.68;340.8;364.63;361.84;320.14;410.92;363.02;386.71;402.78;314.4;345.5;351.97;294.63;339.38;338.28;405.58;358.29;399.81;229.85;358.44;364.58
2011;Hombres;344.91;304.97;340.73;380.63;301.05;317.08;385.16;393.68;340.8;364.63;361.84;320.14;410.92;363.02;386.71;402.78;314.4;345.5;351.97;294.63;339.38;338.28;405.58;358.29;399.81;229.85;358.44;364.58
2011;Mujeres;162.63;155.12;158.22;169.3;138.47;154.48;161.85;177.01;159.11;169.3;163.03;140.05;164.19;172.85;171.39;176.11;166.77;160.36;158.02;141.14;189.64;173.09;175.84;137.39;193.15;114.58;169.43;193.34
2011;Mujeres;162.63;155.12;158.22;169.3;138.47;154.48;161.85;177.01;159.11;169.3;163.03;140.05;164.19;172.85;171.39;176.11;166.77;160.36;158.02;141.14;189.64;173.09;175.84;137.39;193.15;114.58;169.43;193.34
2011;Mujeres;162.63;155.12;158.22;169.3;138.47;154.48;161.85;177.01;159.11;169.3;163.03;140.05;164.19;172.85;171.39;176.11;166.77;160.36;158.02;141.14;189.64;173.09;175.84;137.39;193.15;114.58;169.43;193.34
2011;Mujeres;162.63;155.12;158.22;169.3;138.47;154.48;161.85;177.01;159.11;169.3;163.03;140.05;164.19;172.85;171.39;176.11;166.77;160.36;158.02;141.14;189.64;173.09;175.84;137.39;193.15;114.58;169.43;193.34
2011;Mujeres;162.63;155.12;158.22;169.3;138.47;154.48;161.85;177.01;159.11;169.3;163.03;140.05;164.19;172.85;171.39;176.11;166.77;160.36;158.02;141.14;189.64;173.09;175.84;137.39;193.15;114.58;169.43;193.34
2012;Ambos sexos;232.96;211.9;225.43;251.9;231.64;232.81;218.65;252.41;244.82;258.2;248.49;218.25;236.61;260.24;258.37;248.92;249.62;254.82;260.76;247.07;232;233.84;238.49;253.72;222.18;199.85;251.66;242.54
2012;Ambos sexos;232.96;211.9;225.43;251.9;231.64;232.81;218.65;252.41;244.82;258.2;248.49;218.25;236.61;260.24;258.37;248.92;249.62;254.82;260.76;247.07;232;233.84;238.49;253.72;222.18;199.85;251.66;242.54
2012;Ambos sexos;232.96;211.9;225.43;251.9;231.64;232.81;218.65;252.41;244.82;258.2;248.49;218.25;236.61;260.24;258.37;248.92;249.62;254.82;260.76;247.07;232;233.84;238.49;253.72;222.18;199.85;251.66;242.54
2012;Ambos sexos;232.96;211.9;225.43;251.9;231.64;232.81;218.65;252.41;244.82;258.2;248.49;218.25;236.61;260.24;258.37;248.92;249.62;254.82;260.76;247.07;232;233.84;238.49;253.72;222.18;199.85;251.66;242.54
2012;Ambos sexos;232.96;211.9;225.43;251.9;231.64;232.81;218.65;252.41;244.82;258.2;248.49;218.25;236.61;260.24;258.37;248.92;249.62;254.82;260.76;247.07;232;233.84;238.49;253.72;222.18;199.85;251.66;242.54
2012;Hombres;334.72;292.32;342.31;369.87;375.34;344.05;334.81;394.82;377.51;346.49;359.92;275.57;349.2;376.14;385;358.29;342.73;365.19;400.65;333.7;349.32;301.46;353.82;380.32;322.58;272.81;380.14;341.8
2012;Hombres;334.72;292.32;342.31;369.87;375.34;344.05;334.81;394.82;377.51;346.49;359.92;275.57;349.2;376.14;385;358.29;342.73;365.19;400.65;333.7;349.32;301.46;353.82;380.32;322.58;272.81;380.14;341.8
2012;Hombres;334.72;292.32;342.31;369.87;375.34;344.05;334.81;394.82;377.51;346.49;359.92;275.57;349.2;376.14;385;358.29;342.73;365.19;400.65;333.7;349.32;301.46;353.82;380.32;322.58;272.81;380.14;341.8
2012;Hombres;334.72;292.32;342.31;369.87;375.34;344.05;334.81;394.82;377.51;346.49;359.92;275.57;349.2;376.14;385;358.29;342.73;365.19;400.65;333.7;349.32;301.46;353.82;380.32;322.58;272.81;380.14;341.8
2012;Hombres;334.72;292.32;342.31;369.87;375.34;344.05;334.81;394.82;377.51;346.49;359.92;275.57;349.2;376.14;385;358.29;342.73;365.19;400.65;333.7;349.32;301.46;353.82;380.32;322.58;272.81;380.14;341.8
2012;Mujeres;156.3;147.05;135.28;168.26;117.9;148.2;130.4;141.9;151.86;192.84;169.5;166.84;161.5;182.79;160.91;171.41;176.41;173.53;165.01;172.78;149.04;184.49;154.22;160.16;142.6;134.58;156.65;166.82
2012;Mujeres;156.3;147.05;135.28;168.26;117.9;148.2;130.4;141.9;151.86;192.84;169.5;166.84;161.5;182.79;160.91;171.41;176.41;173.53;165.01;172.78;149.04;184.49;154.22;160.16;142.6;134.58;156.65;166.82
2012;Mujeres;156.3;147.05;135.28;168.26;117.9;148.2;130.4;141.9;151.86;192.84;169.5;166.84;161.5;182.79;160.91;171.41;176.41;173.53;165.01;172.78;149.04;184.49;154.22;160.16;142.6;134.58;156.65;166.82
2012;Mujeres;156.3;147.05;135.28;168.26;117.9;148.2;130.4;141.9;151.86;192.84;169.5;166.84;161.5;182.79;160.91;171.41;176.41;173.53;165.01;172.78;149.04;184.49;154.22;160.16;142.6;134.58;156.65;166.82
2012;Mujeres;156.3;147.05;135.28;168.26;117.9;148.2;130.4;141.9;151.86;192.84;169.5;166.84;161.5;182.79;160.91;171.41;176.41;173.53;165.01;172.78;149.04;184.49;154.22;160.16;142.6;134.58;156.65;166.82
2013;Ambos sexos;230.46;212.21;228.29;245.91;238.48;227.83;224.29;251.34;244.33;237.61;242.08;228.85;243.04;237.25;251.32;243.4;259.1;243.25;253.87;213.07;246.88;230.41;245.78;209.33;247.9;197.42;248.27;262.64
2013;Ambos sexos;230.46;212.21;228.29;245.91;238.48;227.83;224.29;251.34;244.33;237.61;242.08;228.85;243.04;237.25;251.32;243.4;259.1;243.25;253.87;213.07;246.88;230.41;245.78;209.33;247.9;197.42;248.27;262.64
2013;Ambos sexos;230.46;212.21;228.29;245.91;238.48;227.83;224.29;251.34;244.33;237.61;242.08;228.85;243.04;237.25;251.32;243.4;259.1;243.25;253.87;213.07;246.88;230.41;245.78;209.33;247.9;197.42;248.27;262.64
2013;Ambos sexos;230.46;212.21;228.29;245.91;238.48;227.83;224.29;251.34;244.33;237.61;242.08;228.85;243.04;237.25;251.32;243.4;259.1;243.25;253.87;213.07;246.88;230.41;245.78;209.33;247.9;197.42;248.27;262.64
2013;Ambos sexos;230.46;212.21;228.29;245.91;238.48;227.83;224.29;251.34;244.33;237.61;242.08;228.85;243.04;237.25;251.32;243.4;259.1;243.25;253.87;213.07;246.88;230.41;245.78;209.33;247.9;197.42;248.27;262.64
2013;Hombres;325.49;285.14;329.84;360.03;346.63;318.69;336.58;357.51;353.36;343.54;354.89;306.67;360.81;347.16;381.83;366.23;344;340.35;369.24;303.3;358.23;327.52;338.63;301.66;321.72;254.01;359.4;359.34
2013;Hombres;325.49;285.14;329.84;360.03;346.63;318.69;336.58;357.51;353.36;343.54;354.89;306.67;360.81;347.16;381.83;366.23;344;340.35;369.24;303.3;358.23;327.52;338.63;301.66;321.72;254.01;359.4;359.34
2013;Hombres;325.49;285.14;329.84;360.03;346.63;318.69;336.58;357.51;353.36;343.54;354.89;306.67;360.81;347.16;381.83;366.23;344;340.35;369.24;303.3;358.23;327.52;338.63;301.66;321.72;254.01;359.4;359.34
2013;Hombres;325.49;285.14;329.84;360.03;346.63;318.69;336.58;357.51;353.36;343.54;354.89;306.67;360.81;347.16;381.83;366.23;344;340.35;369.24;303.3;358.23;327.52;338.63;301.66;321.72;254.01;359.4;359.34
2013;Hombres;325.49;285.14;329.84;360.03;346.63;318.69;336.58;357.51;353.36;343.54;354.89;306.67;360.81;347.16;381.83;366.23;344;340.35;369.24;303.3;358.23;327.52;338.63;301.66;321.72;254.01;359.4;359.34
2013;Mujeres;158.72;153.67;147.91;164.94;147.36;156.84;139.21;169.11;170.53;156.73;165.28;156.83;164.63;165.28;150.95;147.38;191.85;172.09;173.78;137.67;169.67;161.51;178.77;142.5;188.08;145.07;164.51;186.98
2013;Mujeres;158.72;153.67;147.91;164.94;147.36;156.84;139.21;169.11;170.53;156.73;165.28;156.83;164.63;165.28;150.95;147.38;191.85;172.09;173.78;137.67;169.67;161.51;178.77;142.5;188.08;145.07;164.51;186.98
2013;Mujeres;158.72;153.67;147.91;164.94;147.36;156.84;139.21;169.11;170.53;156.73;165.28;156.83;164.63;165.28;150.95;147.38;191.85;172.09;173.78;137.67;169.67;161.51;178.77;142.5;188.08;145.07;164.51;186.98
2013;Mujeres;158.72;153.67;147.91;164.94;147.36;156.84;139.21;169.11;170.53;156.73;165.28;156.83;164.63;165.28;150.95;147.38;191.85;172.09;173.78;137.67;169.67;161.51;178.77;142.5;188.08;145.07;164.51;186.98
2013;Mujeres;158.72;153.67;147.91;164.94;147.36;156.84;139.21;169.11;170.53;156.73;165.28;156.83;164.63;165.28;150.95;147.38;191.85;172.09;173.78;137.67;169.67;161.51;178.77;142.5;188.08;145.07;164.51;186.98
2014;Ambos sexos;233.16;221.36;241.24;240.5;249.93;238.28;250.05;238.98;250.91;245.16;242.02;235.07;237.36;236.15;240.92;228.81;217.29;209.22;227.01;233.78;225.23;243.91;256.33;223.01;232.7;202.22;234.42;221.42
2014;Ambos sexos;233.16;221.36;241.24;240.5;249.93;238.28;250.05;238.98;250.91;245.16;242.02;235.07;237.36;236.15;240.92;228.81;217.29;209.22;227.01;233.78;225.23;243.91;256.33;223.01;232.7;202.22;234.42;221.42
2014;Ambos sexos;233.16;221.36;241.24;240.5;249.93;238.28;250.05;238.98;250.91;245.16;242.02;235.07;237.36;236.15;240.92;228.81;217.29;209.22;227.01;233.78;225.23;243.91;256.33;223.01;232.7;202.22;234.42;221.42
2014;Ambos sexos;233.16;221.36;241.24;240.5;249.93;238.28;250.05;238.98;250.91;245.16;242.02;235.07;237.36;236.15;240.92;228.81;217.29;209.22;227.01;233.78;225.23;243.91;256.33;223.01;232.7;202.22;234.42;221.42
2014;Ambos sexos;233.16;221.36;241.24;240.5;249.93;238.28;250.05;238.98;250.91;245.16;242.02;235.07;237.36;236.15;240.92;228.81;217.29;209.22;227.01;233.78;225.23;243.91;256.33;223.01;232.7;202.22;234.42;221.42
2014;Hombres;335.02;301.95;343.68;359.58;344.05;329.84;379.69;342.52;388.49;372.71;372.22;358.17;345.66;335.89;365.12;347.6;307.85;294.85;305.69;326.48;311.92;342.37;344.98;313.47;331.84;253.53;345.3;328.52
2014;Hombres;335.02;301.95;343.68;359.58;344.05;329.84;379.69;342.52;388.49;372.71;372.22;358.17;345.66;335.89;365.12;347.6;307.85;294.85;305.69;326.48;311.92;342.37;344.98;313.47;331.84;253.53;345.3;328.52
2014;Hombres;335.02;301.95;343.68;359.58;344.05;329.84;379.69;342.52;388.49;372.71;372.22;358.17;345.66;335.89;365.12;347.6;307.85;294.85;305.69;326.48;311.92;342.37;344.98;313.47;331.84;253.53;345.3;328.52
2014;Hombres;335.02;301.95;343.68;359.58;344.05;329.84;379.69;342.52;388.49;372.71;372.22;358.17;345.66;335.89;365.12;347.6;307.85;294.85;305.69;326.48;311.92;342.37;344.98;313.47;331.84;253.53;345.3;328.52
2014;Hombres;335.02;301.95;343.68;359.58;344.05;329.84;379.69;342.52;388.49;372.71;372.22;358.17;345.66;335.89;365.12;347.6;307.85;294.85;305.69;326.48;311.92;342.37;344.98;313.47;331.84;253.53;345.3;328.52
2014;Mujeres;156.92;158.4;159.94;155.29;176.97;164.08;150.83;158.77;152.92;149.11;150.64;129.07;166.87;168.32;148.99;140.84;141.9;142.88;169.58;153.71;162.35;173.13;191.23;156.3;152.66;158.76;150.12;141.01
2014;Mujeres;156.92;158.4;159.94;155.29;176.97;164.08;150.83;158.77;152.92;149.11;150.64;129.07;166.87;168.32;148.99;140.84;141.9;142.88;169.58;153.71;162.35;173.13;191.23;156.3;152.66;158.76;150.12;141.01
2014;Mujeres;156.92;158.4;159.94;155.29;176.97;164.08;150.83;158.77;152.92;149.11;150.64;129.07;166.87;168.32;148.99;140.84;141.9;142.88;169.58;153.71;162.35;173.13;191.23;156.3;152.66;158.76;150.12;141.01
2014;Mujeres;156.92;158.4;159.94;155.29;176.97;164.08;150.83;158.77;152.92;149.11;150.64;129.07;166.87;168.32;148.99;140.84;141.9;142.88;169.58;153.71;162.35;173.13;191.23;156.3;152.66;158.76;150.12;141.01
2014;Mujeres;156.92;158.4;159.94;155.29;176.97;164.08;150.83;158.77;152.92;149.11;150.64;129.07;166.87;168.32;148.99;140.84;141.9;142.88;169.58;153.71;162.35;173.13;191.23;156.3;152.66;158.76;150.12;141.01
2015;Ambos sexos;232.53;218.55;220.51;246.22;207.51;236.77;222.12;218.8;249.11;239.23;255.13;212.18;246.65;252.9;261.1;240.12;246.63;238.15;231.46;212.94;239.99;218.24;245.84;214.32;230.57;188.26;248.28;239.01
2015;Ambos sexos;232.53;218.55;220.51;246.22;207.51;236.77;222.12;218.8;249.11;239.23;255.13;212.18;246.65;252.9;261.1;240.12;246.63;238.15;231.46;212.94;239.99;218.24;245.84;214.32;230.57;188.26;248.28;239.01
2015;Ambos sexos;232.53;218.55;220.51;246.22;207.51;236.77;222.12;218.8;249.11;239.23;255.13;212.18;246.65;252.9;261.1;240.12;246.63;238.15;231.46;212.94;239.99;218.24;245.84;214.32;230.57;188.26;248.28;239.01
2015;Ambos sexos;232.53;218.55;220.51;246.22;207.51;236.77;222.12;218.8;249.11;239.23;255.13;212.18;246.65;252.9;261.1;240.12;246.63;238.15;231.46;212.94;239.99;218.24;245.84;214.32;230.57;188.26;248.28;239.01
2015;Ambos sexos;232.53;218.55;220.51;246.22;207.51;236.77;222.12;218.8;249.11;239.23;255.13;212.18;246.65;252.9;261.1;240.12;246.63;238.15;231.46;212.94;239.99;218.24;245.84;214.32;230.57;188.26;248.28;239.01
2015;Hombres;334.16;303.45;319.93;362.49;294.2;354.45;313.93;332.57;367;350.69;380.85;292.52;363.99;375.06;369.56;361.82;348.16;335.46;322.95;294.8;332.74;320.35;363.85;298.86;345.99;228.86;371.51;347.15
2015;Hombres;334.16;303.45;319.93;362.49;294.2;354.45;313.93;332.57;367;350.69;380.85;292.52;363.99;375.06;369.56;361.82;348.16;335.46;322.95;294.8;332.74;320.35;363.85;298.86;345.99;228.86;371.51;347.15
2015;Hombres;334.16;303.45;319.93;362.49;294.2;354.45;313.93;332.57;367;350.69;380.85;292.52;363.99;375.06;369.56;361.82;348.16;335.46;322.95;294.8;332.74;320.35;363.85;298.86;345.99;228.86;371.51;347.15
2015;Hombres;334.16;303.45;319.93;362.49;294.2;354.45;313.93;332.57;367;350.69;380.85;292.52;363.99;375.06;369.56;361.82;348.16;335.46;322.95;294.8;332.74;320.35;363.85;298.86;345.99;228.86;371.51;347.15
2015;Hombres;334.16;303.45;319.93;362.49;294.2;354.45;313.93;332.57;367;350.69;380.85;292.52;363.99;375.06;369.56;361.82;348.16;335.46;322.95;294.8;332.74;320.35;363.85;298.86;345.99;228.86;371.51;347.15
2015;Mujeres;156.14;151.23;141.96;163.23;134.73;148.43;146.8;129.24;170.16;154.38;173.62;146.18;166.04;172.86;174.67;152.92;163.08;163.48;165.18;146.23;171.7;142.05;158.94;152.08;135.11;148.79;150.6;156.82
2015;Mujeres;156.14;151.23;141.96;163.23;134.73;148.43;146.8;129.24;170.16;154.38;173.62;146.18;166.04;172.86;174.67;152.92;163.08;163.48;165.18;146.23;171.7;142.05;158.94;152.08;135.11;148.79;150.6;156.82
2015;Mujeres;156.14;151.23;141.96;163.23;134.73;148.43;146.8;129.24;170.16;154.38;173.62;146.18;166.04;172.86;174.67;152.92;163.08;163.48;165.18;146.23;171.7;142.05;158.94;152.08;135.11;148.79;150.6;156.82
2015;Mujeres;156.14;151.23;141.96;163.23;134.73;148.43;146.8;129.24;170.16;154.38;173.62;146.18;166.04;172.86;174.67;152.92;163.08;163.48;165.18;146.23;171.7;142.05;158.94;152.08;135.11;148.79;150.6;156.82
2015;Mujeres;156.14;151.23;141.96;163.23;134.73;148.43;146.8;129.24;170.16;154.38;173.62;146.18;166.04;172.86;174.67;152.92;163.08;163.48;165.18;146.23;171.7;142.05;158.94;152.08;135.11;148.79;150.6;156.82
2016;Ambos sexos;234.9;223.46;233.18;243.72;208.11;236.92;253.24;247.47;229.04;258.41;239.56;202.29;246.56;226.37;266.78;264.63;264.22;236.18;217.4;221.73;225.22;224.29;248.4;213.65;252.94;194.32;233.52;212.98
2016;Ambos sexos;234.9;223.46;233.18;243.72;208.11;236.92;253.24;247.47;229.04;258.41;239.56;202.29;246.56;226.37;266.78;264.63;264.22;236.18;217.4;221.73;225.22;224.29;248.4;213.65;252.94;194.32;233.52;212.98
2016;Ambos sexos;234.9;223.46;233.18;243.72;208.11;236.92;253.24;247.47;229.04;258.41;239.56;202.29;246.56;226.37;266.78;264.63;264.22;236.18;217.4;221.73;225.22;224.29;248.4;213.65;252.94;194.32;233.52;212.98
2016;Ambos sexos;234.9;223.46;233.18;243.72;208.11;236.92;253.24;247.47;229.04;258.41;239.56;202.29;246.56;226.37;266.78;264.63;264.22;236.18;217.4;221.73;225.22;224.29;248.4;213.65;252.94;194.32;233.52;212.98
2016;Ambos sexos;234.9;223.46;233.18;243.72;208.11;236.92;253.24;247.47;229.04;258.41;239.56;202.29;246.56;226.37;266.78;264.63;264.22;236.18;217.4;221.73;225.22;224.29;248.4;213.65;252.94;194.32;233.52;212.98
2016;Hombres;334.36;307.34;334.15;355.21;287.14;334.23;382.18;381.1;334.32;385.13;347.34;257.44;357.83;333.56;382.82;395.82;347.35;320.25;311.1;305.67;297.99;318.58;362.88;278.28;342.59;263.07;327.34;323.22
2016;Hombres;334.36;307.34;334.15;355.21;287.14;334.23;382.18;381.1;334.32;385.13;347.34;257.44;357.83;333.56;382.82;395.82;347.35;320.25;311.1;305.67;297.99;318.58;362.88;278.28;342.59;263.07;327.34;323.22
2016;Hombres;334.36;307.34;334.15;355.21;287.14;334.23;382.18;381.1;334.32;385.13;347.34;257.44;357.83;333.56;382.82;395.82;347.35;320.25;311.1;305.67;297.99;318.58;362.88;278.28;342.59;263.07;327.34;323.22
2016;Hombres;334.36;307.34;334.15;355.21;287.14;334.23;382.18;381.1;334.32;385.13;347.34;257.44;357.83;333.56;382.82;395.82;347.35;320.25;311.1;305.67;297.99;318.58;362.88;278.28;342.59;263.07;327.34;323.22
2016;Hombres;334.36;307.34;334.15;355.21;287.14;334.23;382.18;381.1;334.32;385.13;347.34;257.44;357.83;333.56;382.82;395.82;347.35;320.25;311.1;305.67;297.99;318.58;362.88;278.28;342.59;263.07;327.34;323.22
2016;Mujeres;159.44;156.96;152.79;162.73;139.71;160.08;152.78;143.9;154.22;162.36;163.14;158.89;167.77;153.41;176.16;166.42;198.16;172.3;143.24;152.09;172.14;150.16;164.74;163.31;182.18;132.56;162.01;125.37
2016;Mujeres;159.44;156.96;152.79;162.73;139.71;160.08;152.78;143.9;154.22;162.36;163.14;158.89;167.77;153.41;176.16;166.42;198.16;172.3;143.24;152.09;172.14;150.16;164.74;163.31;182.18;132.56;162.01;125.37
2016;Mujeres;159.44;156.96;152.79;162.73;139.71;160.08;152.78;143.9;154.22;162.36;163.14;158.89;167.77;153.41;176.16;166.42;198.16;172.3;143.24;152.09;172.14;150.16;164.74;163.31;182.18;132.56;162.01;125.37
2016;Mujeres;159.44;156.96;152.79;162.73;139.71;160.08;152.78;143.9;154.22;162.36;163.14;158.89;167.77;153.41;176.16;166.42;198.16;172.3;143.24;152.09;172.14;150.16;164.74;163.31;182.18;132.56;162.01;125.37
2016;Mujeres;159.44;156.96;152.79;162.73;139.71;160.08;152.78;143.9;154.22;162.36;163.14;158.89;167.77;153.41;176.16;166.42;198.16;172.3;143.24;152.09;172.14;150.16;164.74;163.31;182.18;132.56;162.01;125.37
2017;Ambos sexos;230.81;221.17;224.24;239.43;210.79;222.16;236.98;242.54;235.45;241.86;237.45;211.74;246.56;230.41;242.9;259.71;261.77;232.03;224.55;222.36;227.18;212.15;230.19;207.9;222.33;227.59;243.96;211.23
2017;Ambos sexos;230.81;221.17;224.24;239.43;210.79;222.16;236.98;242.54;235.45;241.86;237.45;211.74;246.56;230.41;242.9;259.71;261.77;232.03;224.55;222.36;227.18;212.15;230.19;207.9;222.33;227.59;243.96;211.23
2017;Ambos sexos;230.81;221.17;224.24;239.43;210.79;222.16;236.98;242.54;235.45;241.86;237.45;211.74;246.56;230.41;242.9;259.71;261.77;232.03;224.55;222.36;227.18;212.15;230.19;207.9;222.33;227.59;243.96;211.23
2017;Ambos sexos;230.81;221.17;224.24;239.43;210.79;222.16;236.98;242.54;235.45;241.86;237.45;211.74;246.56;230.41;242.9;259.71;261.77;232.03;224.55;222.36;227.18;212.15;230.19;207.9;222.33;227.59;243.96;211.23
2017;Ambos sexos;230.81;221.17;224.24;239.43;210.79;222.16;236.98;242.54;235.45;241.86;237.45;211.74;246.56;230.41;242.9;259.71;261.77;232.03;224.55;222.36;227.18;212.15;230.19;207.9;222.33;227.59;243.96;211.23
2017;Hombres;330.54;308.21;312.08;352.6;286.47;304.23;338.92;344.42;349.01;363.41;333.38;278.2;351.44;337.09;351.96;417.99;354.88;348.65;321.31;291.69;322.47;310.8;341.81;294.36;326.71;287.79;353.65;301.21
2017;Hombres;330.54;308.21;312.08;352.6;286.47;304.23;338.92;344.42;349.01;363.41;333.38;278.2;351.44;337.09;351.96;417.99;354.88;348.65;321.31;291.69;322.47;310.8;341.81;294.36;326.71;287.79;353.65;301.21
2017;Hombres;330.54;308.21;312.08;352.6;286.47;304.23;338.92;344.42;349.01;363.41;333.38;278.2;351.44;337.09;351.96;417.99;354.88;348.65;321.31;291.69;322.47;310.8;341.81;294.36;326.71;287.79;353.65;301.21
2017;Hombres;330.54;308.21;312.08;352.6;286.47;304.23;338.92;344.42;349.01;363.41;333.38;278.2;351.44;337.09;351.96;417.99;354.88;348.65;321.31;291.69;322.47;310.8;341.81;294.36;326.71;287.79;353.65;301.21
2017;Hombres;330.54;308.21;312.08;352.6;286.47;304.23;338.92;344.42;349.01;363.41;333.38;278.2;351.44;337.09;351.96;417.99;354.88;348.65;321.31;291.69;322.47;310.8;341.81;294.36;326.71;287.79;353.65;301.21
2017;Mujeres;156.66;153.29;155.36;159.16;146.66;157.89;159.1;161.67;155.84;152.34;168.22;153.52;177.16;161.18;160.7;145.83;187.55;143.27;152.46;163.72;156.89;136.82;148.43;143.39;136.49;173.9;163.46;144.77
2017;Mujeres;156.66;153.29;155.36;159.16;146.66;157.89;159.1;161.67;155.84;152.34;168.22;153.52;177.16;161.18;160.7;145.83;187.55;143.27;152.46;163.72;156.89;136.82;148.43;143.39;136.49;173.9;163.46;144.77
2017;Mujeres;156.66;153.29;155.36;159.16;146.66;157.89;159.1;161.67;155.84;152.34;168.22;153.52;177.16;161.18;160.7;145.83;187.55;143.27;152.46;163.72;156.89;136.82;148.43;143.39;136.49;173.9;163.46;144.77
2017;Mujeres;156.66;153.29;155.36;159.16;146.66;157.89;159.1;161.67;155.84;152.34;168.22;153.52;177.16;161.18;160.7;145.83;187.55;143.27;152.46;163.72;156.89;136.82;148.43;143.39;136.49;173.9;163.46;144.77
2017;Mujeres;156.66;153.29;155.36;159.16;146.66;157.89;159.1;161.67;155.84;152.34;168.22;153.52;177.16;161.18;160.7;145.83;187.55;143.27;152.46;163.72;156.89;136.82;148.43;143.39;136.49;173.9;163.46;144.77
2018;Ambos sexos;224.25;218.48;226.59;228.06;212.78;228.86;240.19;243.81;221.1;216.94;215.69;183.9;233.27;223.4;256.59;242.26;258.68;219.54;234.26;193.54;222.72;219.06;234.27;210.47;235.59;211.13;227.37;225.37
2018;Ambos sexos;224.25;218.48;226.59;228.06;212.78;228.86;240.19;243.81;221.1;216.94;215.69;183.9;233.27;223.4;256.59;242.26;258.68;219.54;234.26;193.54;222.72;219.06;234.27;210.47;235.59;211.13;227.37;225.37
2018;Ambos sexos;224.25;218.48;226.59;228.06;212.78;228.86;240.19;243.81;221.1;216.94;215.69;183.9;233.27;223.4;256.59;242.26;258.68;219.54;234.26;193.54;222.72;219.06;234.27;210.47;235.59;211.13;227.37;225.37
2018;Ambos sexos;224.25;218.48;226.59;228.06;212.78;228.86;240.19;243.81;221.1;216.94;215.69;183.9;233.27;223.4;256.59;242.26;258.68;219.54;234.26;193.54;222.72;219.06;234.27;210.47;235.59;211.13;227.37;225.37
2018;Ambos sexos;224.25;218.48;226.59;228.06;212.78;228.86;240.19;243.81;221.1;216.94;215.69;183.9;233.27;223.4;256.59;242.26;258.68;219.54;234.26;193.54;222.72;219.06;234.27;210.47;235.59;211.13;227.37;225.37
2018;Hombres;318.27;304.05;329.89;326.83;292.59;336.11;348.8;346.54;302.46;303.59;313.21;227.98;331.86;344.48;372.96;325.4;353.08;341;346.69;258.36;304.04;323.7;342.27;284.41;327.2;287.33;318.1;300.42
2018;Hombres;318.27;304.05;329.89;326.83;292.59;336.11;348.8;346.54;302.46;303.59;313.21;227.98;331.86;344.48;372.96;325.4;353.08;341;346.69;258.36;304.04;323.7;342.27;284.41;327.2;287.33;318.1;300.42
2018;Hombres;318.27;304.05;329.89;326.83;292.59;336.11;348.8;346.54;302.46;303.59;313.21;227.98;331.86;344.48;372.96;325.4;353.08;341;346.69;258.36;304.04;323.7;342.27;284.41;327.2;287.33;318.1;300.42
2018;Hombres;318.27;304.05;329.89;326.83;292.59;336.11;348.8;346.54;302.46;303.59;313.21;227.98;331.86;344.48;372.96;325.4;353.08;341;346.69;258.36;304.04;323.7;342.27;284.41;327.2;287.33;318.1;300.42
2018;Hombres;318.27;304.05;329.89;326.83;292.59;336.11;348.8;346.54;302.46;303.59;313.21;227.98;331.86;344.48;372.96;325.4;353.08;341;346.69;258.36;304.04;323.7;342.27;284.41;327.2;287.33;318.1;300.42
2018;Mujeres;152.71;151.13;144.26;155.52;143.47;145.32;155.12;160.78;162.72;149.51;149.68;146.46;162.92;139.72;164.35;182.88;184.09;124.79;146.85;139.42;163.56;140.46;158.36;149.81;162.9;142.54;155.29;164.35
2018;Mujeres;152.71;151.13;144.26;155.52;143.47;145.32;155.12;160.78;162.72;149.51;149.68;146.46;162.92;139.72;164.35;182.88;184.09;124.79;146.85;139.42;163.56;140.46;158.36;149.81;162.9;142.54;155.29;164.35
2018;Mujeres;152.71;151.13;144.26;155.52;143.47;145.32;155.12;160.78;162.72;149.51;149.68;146.46;162.92;139.72;164.35;182.88;184.09;124.79;146.85;139.42;163.56;140.46;158.36;149.81;162.9;142.54;155.29;164.35
2018;Mujeres;152.71;151.13;144.26;155.52;143.47;145.32;155.12;160.78;162.72;149.51;149.68;146.46;162.92;139.72;164.35;182.88;184.09;124.79;146.85;139.42;163.56;140.46;158.36;149.81;162.9;142.54;155.29;164.35
2018;Mujeres;152.71;151.13;144.26;155.52;143.47;145.32;155.12;160.78;162.72;149.51;149.68;146.46;162.92;139.72;164.35;182.88;184.09;124.79;146.85;139.42;163.56;140.46;158.36;149.81;162.9;142.54;155.29;164.35
2019;Ambos sexos;222.19;214.52;229.23;226.67;207.8;227.19;229.16;227.98;221.61;240.34;238.83;214.77;215.96;211.8;223.92;230.32;239.56;215.87;193.93;207.22;188.94;213.24;222;203.18;253.94;191.18;213.96;202.25
2019;Ambos sexos;222.19;214.52;229.23;226.67;207.8;227.19;229.16;227.98;221.61;240.34;238.83;214.77;215.96;211.8;223.92;230.32;239.56;215.87;193.93;207.22;188.94;213.24;222;203.18;253.94;191.18;213.96;202.25
2019;Ambos sexos;222.19;214.52;229.23;226.67;207.8;227.19;229.16;227.98;221.61;240.34;238.83;214.77;215.96;211.8;223.92;230.32;239.56;215.87;193.93;207.22;188.94;213.24;222;203.18;253.94;191.18;213.96;202.25
2019;Ambos sexos;222.19;214.52;229.23;226.67;207.8;227.19;229.16;227.98;221.61;240.34;238.83;214.77;215.96;211.8;223.92;230.32;239.56;215.87;193.93;207.22;188.94;213.24;222;203.18;253.94;191.18;213.96;202.25
2019;Ambos sexos;222.19;214.52;229.23;226.67;207.8;227.19;229.16;227.98;221.61;240.34;238.83;214.77;215.96;211.8;223.92;230.32;239.56;215.87;193.93;207.22;188.94;213.24;222;203.18;253.94;191.18;213.96;202.25
2019;Hombres;315.79;296.7;327.11;328.37;294.02;315.29;336.58;345.02;329.6;340.42;340.5;314.4;310.64;306.15;313.62;350.89;321.05;302.23;286.47;264.17;275.78;300.2;329.89;263.52;363.9;247.93;300.05;271.16
2019;Hombres;315.79;296.7;327.11;328.37;294.02;315.29;336.58;345.02;329.6;340.42;340.5;314.4;310.64;306.15;313.62;350.89;321.05;302.23;286.47;264.17;275.78;300.2;329.89;263.52;363.9;247.93;300.05;271.16
2019;Hombres;315.79;296.7;327.11;328.37;294.02;315.29;336.58;345.02;329.6;340.42;340.5;314.4;310.64;306.15;313.62;350.89;321.05;302.23;286.47;264.17;275.78;300.2;329.89;263.52;363.9;247.93;300.05;271.16
2019;Hombres;315.79;296.7;327.11;328.37;294.02;315.29;336.58;345.02;329.6;340.42;340.5;314.4;310.64;306.15;313.62;350.89;321.05;302.23;286.47;264.17;275.78;300.2;329.89;263.52;363.9;247.93;300.05;271.16
2019;Hombres;315.79;296.7;327.11;328.37;294.02;315.29;336.58;345.02;329.6;340.42;340.5;314.4;310.64;306.15;313.62;350.89;321.05;302.23;286.47;264.17;275.78;300.2;329.89;263.52;363.9;247.93;300.05;271.16
2019;Mujeres;151.8;150.05;153.3;153.04;134.79;159.08;146.28;139.91;147.57;160.54;168.65;126.05;147.22;149.33;153.69;143.99;171.28;149.36;124.18;157.97;125.51;146.76;145.61;156.72;161.44;142.48;149.22;144.92
2019;Mujeres;151.8;150.05;153.3;153.04;134.79;159.08;146.28;139.91;147.57;160.54;168.65;126.05;147.22;149.33;153.69;143.99;171.28;149.36;124.18;157.97;125.51;146.76;145.61;156.72;161.44;142.48;149.22;144.92
2019;Mujeres;151.8;150.05;153.3;153.04;134.79;159.08;146.28;139.91;147.57;160.54;168.65;126.05;147.22;149.33;153.69;143.99;171.28;149.36;124.18;157.97;125.51;146.76;145.61;156.72;161.44;142.48;149.22;144.92
2019;Mujeres;151.8;150.05;153.3;153.04;134.79;159.08;146.28;139.91;147.57;160.54;168.65;126.05;147.22;149.33;153.69;143.99;171.28;149.36;124.18;157.97;125.51;146.76;145.61;156.72;161.44;142.48;149.22;144.92
2019;Mujeres;151.8;150.05;153.3;153.04;134.79;159.08;146.28;139.91;147.57;160.54;168.65;126.05;147.22;149.33;153.69;143.99;171.28;149.36;124.18;157.97;125.51;146.76;145.61;156.72;161.44;142.48;149.22;144.92
2020;Ambos sexos;227.34;219.32;218.6;235.13;192.78;207.37;241.26;228.28;231;229.83;224.99;225.91;237.3;226.71;231.45;252.12;240.87;225.38;207.98;214.94;228.39;209.16;217.08;186.78;224.89;216.27;239.95;189.55
2020;Ambos sexos;227.34;219.32;218.6;235.13;192.78;207.37;241.26;228.28;231;229.83;224.99;225.91;237.3;226.71;231.45;252.12;240.87;225.38;207.98;214.94;228.39;209.16;217.08;186.78;224.89;216.27;239.95;189.55
2020;Ambos sexos;227.34;219.32;218.6;235.13;192.78;207.37;241.26;228.28;231;229.83;224.99;225.91;237.3;226.71;231.45;252.12;240.87;225.38;207.98;214.94;228.39;209.16;217.08;186.78;224.89;216.27;239.95;189.55
2020;Ambos sexos;227.34;219.32;218.6;235.13;192.78;207.37;241.26;228.28;231;229.83;224.99;225.91;237.3;226.71;231.45;252.12;240.87;225.38;207.98;214.94;228.39;209.16;217.08;186.78;224.89;216.27;239.95;189.55
2020;Ambos sexos;227.34;219.32;218.6;235.13;192.78;207.37;241.26;228.28;231;229.83;224.99;225.91;237.3;226.71;231.45;252.12;240.87;225.38;207.98;214.94;228.39;209.16;217.08;186.78;224.89;216.27;239.95;189.55
2020;Hombres;323.04;299.4;312.03;343.63;259.51;301.71;345.06;312.27;349.83;340.54;320.83;320.15;351.67;325.6;313.99;359.5;324.52;346.22;289.55;293.45;304.43;303.55;307.11;265.53;313.34;269.63;350.28;242.99
2020;Hombres;323.04;299.4;312.03;343.63;259.51;301.71;345.06;312.27;349.83;340.54;320.83;320.15;351.67;325.6;313.99;359.5;324.52;346.22;289.55;293.45;304.43;303.55;307.11;265.53;313.34;269.63;350.28;242.99
2020;Hombres;323.04;299.4;312.03;343.63;259.51;301.71;345.06;312.27;349.83;340.54;320.83;320.15;351.67;325.6;313.99;359.5;324.52;346.22;289.55;293.45;304.43;303.55;307.11;265.53;313.34;269.63;350.28;242.99
2020;Hombres;323.04;299.4;312.03;343.63;259.51;301.71;345.06;312.27;349.83;340.54;320.83;320.15;351.67;325.6;313.99;359.5;324.52;346.22;289.55;293.45;304.43;303.55;307.11;265.53;313.34;269.63;350.28;242.99
2020;Hombres;323.04;299.4;312.03;343.63;259.51;301.71;345.06;312.27;349.83;340.54;320.83;320.15;351.67;325.6;313.99;359.5;324.52;346.22;289.55;293.45;304.43;303.55;307.11;265.53;313.34;269.63;350.28;242.99
2020;Mujeres;156.38;157.98;147.94;156.92;143.05;136.91;160.34;163.4;152.37;145.99;157.41;146.56;157.97;159.65;169.07;167.5;175.84;131.3;143.91;150.18;176.49;139.47;151;125.5;155.95;167.74;154.47;143.81
2020;Mujeres;156.38;157.98;147.94;156.92;143.05;136.91;160.34;163.4;152.37;145.99;157.41;146.56;157.97;159.65;169.07;167.5;175.84;131.3;143.91;150.18;176.49;139.47;151;125.5;155.95;167.74;154.47;143.81
2020;Mujeres;156.38;157.98;147.94;156.92;143.05;136.91;160.34;163.4;152.37;145.99;157.41;146.56;157.97;159.65;169.07;167.5;175.84;131.3;143.91;150.18;176.49;139.47;151;125.5;155.95;167.74;154.47;143.81
2020;Mujeres;156.38;157.98;147.94;156.92;143.05;136.91;160.34;163.4;152.37;145.99;157.41;146.56;157.97;159.65;169.07;167.5;175.84;131.3;143.91;150.18;176.49;139.47;151;125.5;155.95;167.74;154.47;143.81
2020;Mujeres;156.38;157.98;147.94;156.92;143.05;136.91;160.34;163.4;152.37;145.99;157.41;146.56;157.97;159.65;169.07;167.5;175.84;131.3;143.91;150.18;176.49;139.47;151;125.5;155.95;167.74;154.47;143.81
2021;Ambos sexos;223.32;215.8;227.16;228.1;193.57;221.34;242.67;226;226.8;221.7;210.34;206.84;222.94;219.78;248.32;228.09;225.38;229.08;215.01;224.78;207.31;219.04;193.98;199.13;213.17;213.61;221.13;193.5
2021;Ambos sexos;223.32;215.8;227.16;228.1;193.57;221.34;242.67;226;226.8;221.7;210.34;206.84;222.94;219.78;248.32;228.09;225.38;229.08;215.01;224.78;207.31;219.04;193.98;199.13;213.17;213.61;221.13;193.5
2021;Ambos sexos;223.32;215.8;227.16;228.1;193.57;221.34;242.67;226;226.8;221.7;210.34;206.84;222.94;219.78;248.32;228.09;225.38;229.08;215.01;224.78;207.31;219.04;193.98;199.13;213.17;213.61;221.13;193.5
2021;Ambos sexos;223.32;215.8;227.16;228.1;193.57;221.34;242.67;226;226.8;221.7;210.34;206.84;222.94;219.78;248.32;228.09;225.38;229.08;215.01;224.78;207.31;219.04;193.98;199.13;213.17;213.61;221.13;193.5
2021;Ambos sexos;223.32;215.8;227.16;228.1;193.57;221.34;242.67;226;226.8;221.7;210.34;206.84;222.94;219.78;248.32;228.09;225.38;229.08;215.01;224.78;207.31;219.04;193.98;199.13;213.17;213.61;221.13;193.5
2021;Hombres;313.77;292.47;321.37;328.31;281.81;315.13;340.62;320.92;317.71;308.12;299.8;258.84;325.41;321.69;350.28;331.32;294.56;339.62;301.18;285.5;291.76;290.53;282.28;280.58;290.62;277.47;322.5;262.83
2021;Hombres;313.77;292.47;321.37;328.31;281.81;315.13;340.62;320.92;317.71;308.12;299.8;258.84;325.41;321.69;350.28;331.32;294.56;339.62;301.18;285.5;291.76;290.53;282.28;280.58;290.62;277.47;322.5;262.83
2021;Hombres;313.77;292.47;321.37;328.31;281.81;315.13;340.62;320.92;317.71;308.12;299.8;258.84;325.41;321.69;350.28;331.32;294.56;339.62;301.18;285.5;291.76;290.53;282.28;280.58;290.62;277.47;322.5;262.83
2021;Hombres;313.77;292.47;321.37;328.31;281.81;315.13;340.62;320.92;317.71;308.12;299.8;258.84;325.41;321.69;350.28;331.32;294.56;339.62;301.18;285.5;291.76;290.53;282.28;280.58;290.62;277.47;322.5;262.83
2021;Hombres;313.77;292.47;321.37;328.31;281.81;315.13;340.62;320.92;317.71;308.12;299.8;258.84;325.41;321.69;350.28;331.32;294.56;339.62;301.18;285.5;291.76;290.53;282.28;280.58;290.62;277.47;322.5;262.83
2021;Mujeres;154.82;154.6;153.04;155.56;120.67;148.39;166.16;152.4;165.23;157.35;146.62;167.02;151.48;149.84;169.85;149.07;167.54;142.97;149.29;173.62;145.13;159.91;128.29;135.44;149.19;156.35;142.38;138.75
2021;Mujeres;154.82;154.6;153.04;155.56;120.67;148.39;166.16;152.4;165.23;157.35;146.62;167.02;151.48;149.84;169.85;149.07;167.54;142.97;149.29;173.62;145.13;159.91;128.29;135.44;149.19;156.35;142.38;138.75
2021;Mujeres;154.82;154.6;153.04;155.56;120.67;148.39;166.16;152.4;165.23;157.35;146.62;167.02;151.48;149.84;169.85;149.07;167.54;142.97;149.29;173.62;145.13;159.91;128.29;135.44;149.19;156.35;142.38;138.75
2021;Mujeres;154.82;154.6;153.04;155.56;120.67;148.39;166.16;152.4;165.23;157.35;146.62;167.02;151.48;149.84;169.85;149.07;167.54;142.97;149.29;173.62;145.13;159.91;128.29;135.44;149.19;156.35;142.38;138.75
2021;Mujeres;154.82;154.6;153.04;155.56;120.67;148.39;166.16;152.4;165.23;157.35;146.62;167.02;151.48;149.84;169.85;149.07;167.54;142.97;149.29;173.62;145.13;159.91;128.29;135.44;149.19;156.35;142.38;138.75
2022;Ambos sexos;221.71;210.19;218.32;231.24;185.85;200.54;235.59;226.2;233.14;238.57;218.79;205.9;236.06;217.58;242.34;242.31;201.3;204.17;240.63;193.15;189.75;210.79;195.21;199.41;219.54;178.87;218.79;221.5
2022;Ambos sexos;221.71;210.19;218.32;231.24;185.85;200.54;235.59;226.2;233.14;238.57;218.79;205.9;236.06;217.58;242.34;242.31;201.3;204.17;240.63;193.15;189.75;210.79;195.21;199.41;219.54;178.87;218.79;221.5
2022;Ambos sexos;221.71;210.19;218.32;231.24;185.85;200.54;235.59;226.2;233.14;238.57;218.79;205.9;236.06;217.58;242.34;242.31;201.3;204.17;240.63;193.15;189.75;210.79;195.21;199.41;219.54;178.87;218.79;221.5
2022;Ambos sexos;221.71;210.19;218.32;231.24;185.85;200.54;235.59;226.2;233.14;238.57;218.79;205.9;236.06;217.58;242.34;242.31;201.3;204.17;240.63;193.15;189.75;210.79;195.21;199.41;219.54;178.87;218.79;221.5
2022;Ambos sexos;221.71;210.19;218.32;231.24;185.85;200.54;235.59;226.2;233.14;238.57;218.79;205.9;236.06;217.58;242.34;242.31;201.3;204.17;240.63;193.15;189.75;210.79;195.21;199.41;219.54;178.87;218.79;221.5
2022;Hombres;307.83;289.22;307.81;322.55;251.42;286.88;324.57;313.37;321.28;334.9;292.57;294.3;346.32;295.37;332.45;337.06;263.2;290.54;363.09;258.9;238.73;306.86;276.57;272.29;317.11;241.74;296.24;304.85
2022;Hombres;307.83;289.22;307.81;322.55;251.42;286.88;324.57;313.37;321.28;334.9;292.57;294.3;346.32;295.37;332.45;337.06;263.2;290.54;363.09;258.9;238.73;306.86;276.57;272.29;317.11;241.74;296.24;304.85
2022;Hombres;307.83;289.22;307.81;322.55;251.42;286.88;324.57;313.37;321.28;334.9;292.57;294.3;346.32;295.37;332.45;337.06;263.2;290.54;363.09;258.9;238.73;306.86;276.57;272.29;317.11;241.74;296.24;304.85
2022;Hombres;307.83;289.22;307.81;322.55;251.42;286.88;324.57;313.37;321.28;334.9;292.57;294.3;346.32;295.37;332.45;337.06;263.2;290.54;363.09;258.9;238.73;306.86;276.57;272.29;317.11;241.74;296.24;304.85
2022;Hombres;307.83;289.22;307.81;322.55;251.42;286.88;324.57;313.37;321.28;334.9;292.57;294.3;346.32;295.37;332.45;337.06;263.2;290.54;363.09;258.9;238.73;306.86;276.57;272.29;317.11;241.74;296.24;304.85
2022;Mujeres;156.67;148.43;146.73;164.91;131.65;132.96;163.13;155.58;173.27;161.91;170.91;132.27;159.63;166.07;171.99;173.4;150.72;137.3;145.24;137.02;155.9;141.37;134.58;141.85;141.19;123.66;154.95;154.99
2022;Mujeres;156.67;148.43;146.73;164.91;131.65;132.96;163.13;155.58;173.27;161.91;170.91;132.27;159.63;166.07;171.99;173.4;150.72;137.3;145.24;137.02;155.9;141.37;134.58;141.85;141.19;123.66;154.95;154.99
2022;Mujeres;156.67;148.43;146.73;164.91;131.65;132.96;163.13;155.58;173.27;161.91;170.91;132.27;159.63;166.07;171.99;173.4;150.72;137.3;145.24;137.02;155.9;141.37;134.58;141.85;141.19;123.66;154.95;154.99
2022;Mujeres;156.67;148.43;146.73;164.91;131.65;132.96;163.13;155.58;173.27;161.91;170.91;132.27;159.63;166.07;171.99;173.4;150.72;137.3;145.24;137.02;155.9;141.37;134.58;141.85;141.19;123.66;154.95;154.99
2022;Mujeres;156.67;148.43;146.73;164.91;131.65;132.96;163.13;155.58;173.27;161.91;170.91;132.27;159.63;166.07;171.99;173.4;150.72;137.3;145.24;137.02;155.9;141.37;134.58;141.85;141.19;123.66;154.95;154.99
2023;Ambos sexos;214.84;206.72;222.53;219.45;213.97;211.46;227.14;221.56;211.26;224.7;213.68;188.68;212.79;221.43;217.1;221.06;221.1;216.12;196.67;184.1;193.93;216.4;214.98;185.42;214.47;190.12;220.18;215.5
2023;Ambos sexos;214.84;206.72;222.53;219.45;213.97;211.46;227.14;221.56;211.26;224.7;213.68;188.68;212.79;221.43;217.1;221.06;221.1;216.12;196.67;184.1;193.93;216.4;214.98;185.42;214.47;190.12;220.18;215.5
2023;Ambos sexos;214.84;206.72;222.53;219.45;213.97;211.46;227.14;221.56;211.26;224.7;213.68;188.68;212.79;221.43;217.1;221.06;221.1;216.12;196.67;184.1;193.93;216.4;214.98;185.42;214.47;190.12;220.18;215.5
2023;Ambos sexos;214.84;206.72;222.53;219.45;213.97;211.46;227.14;221.56;211.26;224.7;213.68;188.68;212.79;221.43;217.1;221.06;221.1;216.12;196.67;184.1;193.93;216.4;214.98;185.42;214.47;190.12;220.18;215.5
2023;Hombres;297.43;276.06;309.44;311.84;300.49;297.02;304.14;335.82;301.47;317.59;312.53;250.87;298.71;326.44;290.61;303.89;284.26;313.69;285.37;252.95;272.98;284.13;281.35;233.21;291.1;259.19;300.56;268.28
2023;Hombres;297.43;276.06;309.44;311.84;300.49;297.02;304.14;335.82;301.47;317.59;312.53;250.87;298.71;326.44;290.61;303.89;284.26;313.69;285.37;252.95;272.98;284.13;281.35;233.21;291.1;259.19;300.56;268.28
2023;Hombres;297.43;276.06;309.44;311.84;300.49;297.02;304.14;335.82;301.47;317.59;312.53;250.87;298.71;326.44;290.61;303.89;284.26;313.69;285.37;252.95;272.98;284.13;281.35;233.21;291.1;259.19;300.56;268.28
2023;Hombres;297.43;276.06;309.44;311.84;300.49;297.02;304.14;335.82;301.47;317.59;312.53;250.87;298.71;326.44;290.61;303.89;284.26;313.69;285.37;252.95;272.98;284.13;281.35;233.21;291.1;259.19;300.56;268.28
2023;Mujeres;152.69;152.27;154.17;152.78;143.23;144.74;166.58;134.03;149.9;153.26;144.27;137.52;155.46;150.55;158.34;159.92;169.6;139.85;129.82;126.34;138.45;162.44;166.2;147.65;151.42;130.4;158.98;173.22
2023;Mujeres;152.69;152.27;154.17;152.78;143.23;144.74;166.58;134.03;149.9;153.26;144.27;137.52;155.46;150.55;158.34;159.92;169.6;139.85;129.82;126.34;138.45;162.44;166.2;147.65;151.42;130.4;158.98;173.22
2023;Mujeres;152.69;152.27;154.17;152.78;143.23;144.74;166.58;134.03;149.9;153.26;144.27;137.52;155.46;150.55;158.34;159.92;169.6;139.85;129.82;126.34;138.45;162.44;166.2;147.65;151.42;130.4;158.98;173.22
2023;Mujeres;152.69;152.27;154.17;152.78;143.23;144.74;166.58;134.03;149.9;153.26;144.27;137.52;155.46;150.55;158.34;159.92;169.6;139.85;129.82;126.34;138.45;162.44;166.2;147.65;151.42;130.4;158.98;173.22
